<?xml version="1.0" encoding="UTF-8"?>
<project-private xmlns="http://www.netbeans.org/ns/project-private/1">
    <editor-bookmarks xmlns="http://www.netbeans.org/ns/editor-bookmarks/2" lastBookmarkId="0"/>
    <open-files xmlns="http://www.netbeans.org/ns/projectui-open-files/2">
        <group>
            <file>file:/C:/Users/Gary/Documents/UNF/Spring%202016/Software%20Engineering/Team%20Project/StockBroker9/src/stockbroker9/Administrator.java</file>
            <file>file:/C:/Users/Gary/Documents/UNF/Spring%202016/Software%20Engineering/Team%20Project/StockBroker9/src/stockbroker9/ImportCustomerData.java</file>
            <file>file:/C:/Users/Gary/Documents/UNF/Spring%202016/Software%20Engineering/Team%20Project/StockBroker9/src/stockbroker9/SetCommissionRate.java</file>
            <file>file:/C:/Users/Gary/Documents/UNF/Spring%202016/Software%20Engineering/Team%20Project/StockBroker9/src/stockbroker9/CustomerPortfolio.java</file>
            <file>file:/C:/Users/Gary/Documents/UNF/Spring%202016/Software%20Engineering/Team%20Project/StockBroker9/src/stockbroker9/Driver.java</file>
            <file>file:/C:/Users/Gary/Documents/UNF/Spring%202016/Software%20Engineering/Team%20Project/StockBroker9/src/stockbroker9/StockBroker9.java</file>
            <file>file:/C:/Users/Gary/Documents/UNF/Spring%202016/Software%20Engineering/Team%20Project/StockBroker9/src/stockbroker9/MainMenu.java</file>
        </group>
    </open-files>
</project-private>
